msd_id,msd_artist,msd_title,mxm_id,mxm_artist,mxm_title
TROXMWJ12903CF4396,"Little Louie"" Vega Feat. Arnold Jarvis",Life Goes On,7544478,"""Little"" Louie Vega",Life Goes On (dance Ritual mix) (feat. Arnold Jarvis)
TRUKKNT128F92FF937,!!!,Sweet Life,5772440,!!!,Sweet Life
TRAAVRJ128F92FF90A,!!!,Myth Takes,5772435,!!!,Myth Takes
TRZRBYS128F92FF94F,!!!,Break In Case Of Anything,5772443,!!!,Break in Case of Anything
TRKSFBU128F92FF956,!!!,Infinifold ,5772444,!!!,Infinifold
TRKXWOT128F92FF92A,!!!,Heart Of Hearts,5772439,!!!,Heart of Hearts
TRRKQQU128F92FF947,!!!,Bend Over Beethoven,5772442,!!!,Bend Over Beethoven
TROPNZV128F92FF93D,!!!,Yadnus,5772441,!!!,Yadnus
TRVFSRF128F92FF916,!!!,Must Be The Moon,5772437,!!!,Must Be the Moon
TRDDLOD128F92FF922,!!!,A New Name,5772438,!!!,A New Name
TRGCKLJ128F92FF90E,!!!,All My Heroes Are Weirdos,5772436,!!!,All My Heroes Are Weirdos
TRKVOWT12903CF76D3,!Deladap,Radost,9360971,!DelaDap,Radost
TRRVQAS128F93549BB,!Deladap,Dela Paji,5389795,!DelaDap,Dela Paji
TREIJSQ128F14B18A2,!Deladap,Goldregen (N.O.H.A. Mix),5389803,!DelaDap,Goldregen (N.O.H.A. mix)
TRPMYJW128F9323194,#Poundsign#,Camera,4389934,#Poundsign#,Camera
TRHAEMQ128F427C025,#Poundsign#,Ayso,5375548,#Poundsign#,Ayso
TRLFBUE128F930F012,$jammie the Money,Getting warm,9467270,$jammie the Money,Getting Warm
TRLDBHA128F930F014,$jammie the Money,Dollars,9467270,$jammie the Money,Getting Warm
TRYUBZO128F92D0F92,$tinkworx,Whut,4099927,$tinkworx,Whut
TRWJHXP128F92D0FA2,$tinkworx,Creeping thru Lower Levels,4099934,$tinkworx,Creeping Thru Lower Levels
TRBHQNM128F92D0FAE,$tinkworx,No Tocar,4099939,$tinkworx,No Tocar
TRJGLUO128F92D0FA5,$tinkworx,Icing on the Bitch Ho,4099935,$tinkworx,Icing On The Bitch Ho
TRFUYKH128F92D0F94,$tinkworx,No Luv,4099928,$tinkworx,No Luv
TRGEIBJ128F92D0F8E,$tinkworx,All Night Long,4099926,$tinkworx,All Night Long
TRULEXI128F92D0FAA,$tinkworx,Manowar,4099937,$tinkworx,Manowar
TRCEPOV128F92D0FAB,$tinkworx,Mischa,4099938,$tinkworx,Mischa (Italo Remix)
TRNFYYX128F92D0F97,$tinkworx,Aedena,4099929,$tinkworx,Aedena
TRNRBRP128F92D0FA0,$tinkworx,Raise Up,4099933,$tinkworx,Raise Up
TRVVJIU128F92D0EB2,$tinkworx,Calimaro,4134618,$tinkworx,Calimaro
TRPLTPU128F92D0F99,$tinkworx,Drexion Caves,4099930,$tinkworx,Drexion Caves
TRJCBRC128F92D0FBC,$tinkworx,Todas Las Noches,4099931,$tinkworx,Todas Las Noches
TREJBRO12903CEB60A,& And Oceans,Of Devilish Tongues,925092,...and Oceans,Of Devilish Tongues
TRLSXNZ12903CDE0D8,'68 Comeback,Half-Breed,650073,68 Comeback,Half-Breed
TRRYUUZ12903CF8B05,'68 Comeback,Like Any Other Kind,650086,68 Comeback,Like Any Other Kind
TRIKVLG12903CDE0D3,'68 Comeback,Paper Boy Blues,650071,68 Comeback,Paper Boy Blues
TRDYGAO12903CDE0C0,'68 Comeback,A Long Time Ago,650061,68 Comeback,A Long Time Ago
TRSVRHW12903CF8B0E,'68 Comeback,Hoy Hoy,650095,68 Comeback,Hoy Hoy
TRCXBDV12903CDE0C8,'68 Comeback,Sixteen Tons,650065,68 Comeback,Sixteen Tons
TRZXESN12903CDE0B8,'68 Comeback,Where The Rio de Rosa Flows,650057,68 Comeback,Where the Rio De Rosa Flows (alternate take)
TRDYTGJ12903CF8B00,'68 Comeback,Shake Your Hips,650081,68 Comeback,Shake Your Hips
TRBNIAF12903CDE0C6,'68 Comeback,Willie & The Hand Jive,650064,68 Comeback,Willie & The Hand Jive
TROAGJD12903CDE0B4,'68 Comeback,His Latest Flame,650055,68 Comeback,His Latest Flame
TRGIRHF12903CF8AFB,'68 Comeback,Clean Yong 16,650076,68 Comeback,Clean Yong 16
TRVKMMJ12903CF8B0F,'68 Comeback,Route 66,650096,68 Comeback,Route 66
TRTVDKC12903CDE0AE,'68 Comeback,Three Time Loser,650054,68 Comeback,Three Time Loser
TRXOSFM12903CF8B08,'68 Comeback,That's How My Mind Works,650089,68 Comeback,That's How My Mind Works
TRNMDGM12903CF8B01,'68 Comeback,Get Rhythm,650082,68 Comeback,Get Rhythm
TREVWXN12903CF8B07,'68 Comeback,King's Road,650088,68 Comeback,King's Road
TRSFZWP12903CDE0BC,'68 Comeback,Peepin' & Hidin' AKA Baby What You Want Me To Do,650058,68 Comeback,Peepin' & Hidin' (A.K.A. Baby What You Want Me to Do)
TRUXHPZ12903CF8B0B,'68 Comeback,The Way I Walk,650092,68 Comeback,The Way I Walk
TRIAIXU12903CDE0D2,'68 Comeback,Drinkin' Wine Spo-Dee-O-Dee,650070,68 Comeback,Drinkin' Wine Spo-Dee-O-Dee
TRZSZDA12903CDE0AC,'68 Comeback,All Night Long,650053,68 Comeback,All Night Long
TROGIPY12903CF8B0D,'68 Comeback,Pink Pedal Pushers,650094,68 Comeback,Pink Pedal Pushers
TRCRIYS12903CDE0CF,'68 Comeback,In My Dreams,650069,68 Comeback,In My Dreams
TRUSYBR12903CDE0DC,'68 Comeback,Shake Your Hips,650081,68 Comeback,Shake Your Hips
TROEAFE12903CF8AFC,'68 Comeback,'68,650077,68 Comeback,'68
TRGHDMZ12903CDE0BE,'68 Comeback,Eager Boy,650059,68 Comeback,Eager Boy
TRAGWSI12903CDE0CA,'68 Comeback,A Little Bitch (And A Little Bitch Better),650068,68 Comeback,A Little Bitch (And a Little Bitch Better)
TRRDUSS12903CDE0CB,'68 Comeback,I Wanna Drink Of Water,650067,68 Comeback,I Wanna Drink of Water
TRFYNWI12903CDE0DA,'68 Comeback,Whistle Bait,650074,68 Comeback,Whistle Bait
TRLMJAT12903CF8B03,'68 Comeback,Boomerang,650084,68 Comeback,Boomerang
TRJFFKG12903CF8B09,'68 Comeback,In The Comany Of Kings,650090,68 Comeback,In the Company of Kings
TROWHWB12903CDE0BF,'68 Comeback,It Gets A Little Red,650060,68 Comeback,It Gets a Little Red (alternate take)
TRRXJHV12903CF8B02,'68 Comeback,Muddy Boots,650083,68 Comeback,Muddy Boots
TRCNMFI12903CF8AFD,'68 Comeback,You Walked In The Room,650078,68 Comeback,You Walked in the Room
TRPZESG12903CDE0C5,'68 Comeback,He's My Everything,650063,68 Comeback,He's My Everything
TRLYAEU12903CF8B0A,'68 Comeback,Let It Rock,650091,68 Comeback,Let It Rock
TRKWEZT12903CF8AFF,'68 Comeback,Evergreen,650080,68 Comeback,Evergreen
TREZZOO12903CF8B04,'68 Comeback,Bending Like A Willow Tree,650085,68 Comeback,Bending Like a Willow Tree
TRNHNDL12903CF8AFE,'68 Comeback,Shotgun Saw,650079,68 Comeback,Shotgun Saw
TRBWHUX12903CF8B0C,'68 Comeback,My Girl Josephine,650093,68 Comeback,My Girl Josephine
TRFPPKN12903CDE0D6,'68 Comeback,Tennessee Rock'N'Roll,650072,68 Comeback,Tennessee Rock'n'Roll
TRAMHLO12903CF8B06,'68 Comeback,The Wall,650087,68 Comeback,The Wall
TRSIANM12903CDE0CD,'68 Comeback,A Little Bitch (And A Little Bitch Better),650068,68 Comeback,A Little Bitch (And a Little Bitch Better)
TRFHHHJ12903CDE0B6,'68 Comeback,You Could Call Me Job,650056,68 Comeback,You Could Call Me Job (alternate take)
TRJOEJD12903CE4EE9,'N Sync/Phil Collins,Trashin' The Camp (Phil And 'N Sync Version),4807735,Phil Collins,Trashin' the Camp (Phil and 'N Sync version)
TRIJSOP128F9334FB3,'t Hof Van Commerce,Slaet Ip Min Gat,3761161,'t Hof van Commerce,Slaet ip min gat
TRVWPQX128F9334FF5,'t Hof Van Commerce,Zeg Et Voart,3761173,'t Hof van Commerce,Zeg et voart
TROMGPL128F9334FE3,'t Hof Van Commerce,Wik Ist?,3761170,'t Hof van Commerce,Wik ist?
TRQARLO128F14AB0FE,'t Hof Van Commerce,Skit Omoage (En Kopt Drip),3587817,'t Hof van Commerce,Skit omoage (en kopt drip)
TRBLTDX128F9334FD0,'t Hof Van Commerce,Dikkenekke,3761167,'t Hof van Commerce,Dikkenekke
TRCEXYX128F9334FCB,'t Hof Van Commerce,Allo Concurrentie,3761166,'t Hof van Commerce,Allo concurrentie
TRGRSXU128F9335160,'t Hof Van Commerce,Dommestik en Levrancier (radio version),1151896,'t Hof van Commerce,Dommestik en levrancier (radio Versie)
TRFUSHF128F933512D,'t Hof Van Commerce,Interludium,1151886,'t Hof van Commerce,Interludium
TRMYPXN128F9334FD8,'t Hof Van Commerce,Buyse Zegt,3761168,'t Hof van Commerce,Buyse zegt
TRFOTZN128F9335126,'t Hof Van Commerce,Genoeg Gelachn Vintje,1151885,'t Hof van Commerce,Genoeg gelachn vintje
TRGYXMT128F9334FC1,'t Hof Van Commerce,4t4 Zegt,3761164,'t Hof van Commerce,4T4 zegt
TRPGYFI128F9334FFD,'t Hof Van Commerce,Lat Mie Zin En Grust,3761174,'t Hof van Commerce,Lat mie zin en grust
TRCKTZL128F9334FC4,'t Hof Van Commerce,Punk of Yo!,2383602,'t Hof van Commerce,Punk of yo
TRXNOKC128F9334FBC,'t Hof Van Commerce,'T Beste Moe Nog Komn,3761163,'t Hof van Commerce,'t Beste moe nog komn
TRNKXJE128F9335146,'t Hof Van Commerce,Izzegem II,1151892,'t Hof van Commerce,Izzegem II
TROPZSL128F9335007,'t Hof Van Commerce,Casino Royale,3761175,'t Hof van Commerce,Casino Royale
TRSZJAI128F9334FDB,'t Hof Van Commerce,Tusn Eemle En Elle,3761169,'t Hof van Commerce,Tusn Eemle en Elle
TRMJPXZ128F9334FF1,'t Hof Van Commerce,Leverancier Zegt,3761172,'t Hof van Commerce,Leverancier zegt
TREYTQT128F930E85A,(Hed) Planet Earth,Tired Of Sleep (T.O.S.),785066,(həd) p.e.,Tired of Sleep (T.O.S.)
TRNXZEF128F14565B8,(Love) Tattoo,Drop Some Drums (Original Version),4182590,(Love) Tattoo,Drop Some Drums (original version)
TRFTLWC128F14565B9,(Love) Tattoo,Drop Some Drums (Superchumbo's Volta Mix),4191741,(Love) Tattoo,Drop Some Drums (Superchumbo's Volta mix)
TRQQVZY128F14565B7,(Love) Tattoo,Drop Some Drums (Linus Remix),4191743,(Love) Tattoo,Drop Some Drums (Linus remix)
TRYVMWF128F14565B6,(Love) Tattoo,Drop Some Drums (Ivan And Phil's Dark Alley Remix) (Edit),4191748,(Love) Tattoo,Drop Some Drums (Ivan & Phil's Dark Alley remix)
TRMFRFY128F9310D1D,(We Are) Performance,The Ending,6660405,(We Are) Performance,The Ending
TRZSXTV128F9310D17,(We Are) Performance,Lost Youth,6660400,(We Are) Performance,Lost Youth
TRSCLHM128F9310D1A,(We Are) Performance,Sex Etc.,6660403,(We Are) Performance,Sex Etc.
TRIVOSW128F9310D1C,(We Are) Performance,Dotted Line,6660404,(We Are) Performance,Dotted Line
TRJDPZE128F9310D19,(We Are) Performance,Rome,6660402,(We Are) Performance,Rome
TREXFPE128F9310D15,(We Are) Performance,Freeze,6660398,(We Are) Performance,Freeze
TRKPRUM128F9310D18,(We Are) Performance,Live a Little,6660401,(We Are) Performance,Live a Little
TRJVCWG128F9310D16,(We Are) Performance,Market Street (Everything Is Changing),6660399,(We Are) Performance,Market Street (Everything Is Changing)
TRRLBTF128F9310D14,(We Are) Performance,(In Your Own Words) Chernobyl,6660397,(We Are) Performance,(In Your Own Words) Chernobyl
TRRQWQU128F9310D11,(We Are) Performance,Vandals,6660394,(We Are) Performance,Vandals
TRBHFQE128F932CD48,(hed) p.e.,A Soldiers Intro,8098631,(həd) p.e.,A Soldiers Intro
TRWOLGZ128F932CD47,(hed) p.e.,Higher Ground (feat. Kottonmouth Kings),8098630,(həd) p.e.,Higher Ground (feat. Kottonmouth Kings)
TRYNZEI128F932CD4F,(hed) p.e.,This Love,8136008,(həd) p.e.,This Love
TRTXNLC128F932CD33,(hed) p.e.,New World Intro,8098616,(həd) p.e.,New World Intro
TRRXYKK128F932CD45,(hed) p.e.,Planet X,8098629,(həd) p.e.,Planet X
TRUIFGX128F932CD4D,(hed) p.e.,Self Aware,8136006,(həd) p.e.,Self Aware
TRCQNXG128F932CD41,(hed) p.e.,Middle Class Blues,8098626,(həd) p.e.,Middle Class Blues
TRJYQOJ128F932CD3A,(hed) p.e.,Family,8135994,(həd) p.e.,Family
TRVQNJH128F932CD40,(hed) p.e.,Mortgage Crisis Intro,8135998,(həd) p.e.,Mortgage Crisis Intro
TRUHREJ128F932CD4E,(hed) p.e.,Lost History Intro,8098634,(həd) p.e.,Lost History Intro
TRFJFGO128F932CD38,(hed) p.e.,Stay Ready (feat. Dirtball),8098620,(həd) p.e.,Stay Ready (feat. Dirtball)
TRSWTZW128F932CD42,(hed) p.e.,Flesh and Blood,8136000,(həd) p.e.,Flesh and Blood
TRFCZOA128F932CD44,(hed) p.e.,Nibiru Intro,8098628,(həd) p.e.,Nibiru Intro
TRMTZBR128F42960D2,*NSYNC featuring Nelly,Girlfriend,13444196,*NSync,Girlfriend (The Neptunes Remix featuring Nelly)
TRZDNMN128F428B8AC,*Shels,The Ghost Writer,6734176,*shels,The Ghost Writer
TRPLTUN128F428B8B1,*Shels,City Of The Swan,6734177,*shels,City of the Swan
TRWSYIM128F421DC8C,*Shels,In Dead Palm Fields,6256919,*shels,In Dead Palm Fields
TRFRLIM128F421DC85,*Shels,The Killing Tent,6256916,*shels,The Killing Tent
TRPFZNY128F428B8BA,*Shels,Fireflystarrs (Lauretian's),6734179,*shels,Fireflystarrs
TRJXYGL128F42954BA,*Shels,Wingsfortheirsmiles 1,6734180,*shels,Wingsfortheirsmiles
TRIUQFC128F421DC8A,*Shels,Return To Gulu,6256918,*shels,Return to Gulu
TRSJEGR128F421DC7C,*Shels,Water,6734175,*shels,Water
TRGZJYP128F421DC7F,*Shels,Sea of the Dying Dhow,6256914,*shels,Sea of the Dying Dhow
TRUYIGH128F428B8BE,*Shels,Wingsfortheirsmiles (Laurentian's),6734180,*shels,Wingsfortheirsmiles
TRZLSPD128F42954BE,*Shels,M,6734181,*shels,m
TRYPOYX128F428B8B6,*Shels,Lights In The Laurentian,6734178,*shels,Lights in the Laurentian
TRDJPHW128F932100F,-123 minut,Get Closer,5882741,-123 min.,Get closer
TRURGBG128F932101C,-123 minut,Cold,5882749,-123 min.,Cold
TRJFCKD128F932101A,-123 minut,Call My Name,5882748,-123 min.,Call my name
TRVWEDW128F932101D,-123 minut,More Than A Friend,5882750,-123 min.,More than a friend
TRYHWXX128F9321016,-123 minut,Doomed By Dread,5882745,-123 min.,Doomed by dread
TRUFRDL128F9321019,-123 minut,Super-Suckers Unite,5882747,-123 min.,Super-suckers unite
TRQJXHV128F932101F,-123 minut,Stop Confusing Me,5882751,-123 min.,Stop confusing me
TRSMKIE128F9321015,-123 minut,A Simple Man,5882744,-123 min.,A simple man
TRHSWML128F9321017,-123 minut,Mom,5882746,-123 min.,Mom
TRUJWAN128F9321020,-123 minut,I lie,5882752,-123 min.,I lie
TRNTMMW128F9321013,-123 minut,Heading For The Sea,5882743,-123 min.,Heading for the sea
TRDJQBK128F422FAE0,-123min.,I See You Shine,879060,-123 min.,I See You Shine
TRVHTWW128F422FAE2,-123min.,You Chose This Way,879062,-123 min.,You Chose This Way
TRGRJNO128F427CA0D,-123min.,Teen Love Wreck Doll,2010703,-123 min.,Teen Love Wreck Doll
TRXLYOS128F42ACDB9,-123min.,To Move On,731953,-123 min.,To Move On
TRFXBPI128F42453CA,-123min.,Won't Get Higher,2010702,-123 min.,Won't Get Higher
TRCDXIE12903CBE8DC,-123min.,Subterranean Wonderground,9395987,-123 min.,Subterranean Wonderground
TRVOLCD12903CBE8DE,-123min.,Sea Or Sure,9395988,-123 min.,Sea Or Sure
TRVBWRW128F42ACDB8,-123min.,C'mon Back,731952,-123 min.,"C'mon, Back!"
TRMLACY128F427CA13,-123min.,Unfair Chess,2010708,-123 min.,Unfair Chess
TRWPCYX128F42AC48A,-123min.,Tutti-Frutti in Realtime,731947,-123 min.,Tutti-frutti in Realtime
TRYHUDU128F422FAEC,-123min.,Soul Surgery,4239653,Audren,Soul Surgery
TRMZORE128F42ACDBC,-123min.,I'm Gonna Leave You Right Now,731956,-123 min.,I'm Gonna Leave You Right Now
TRGPLGK128F422FAE5,-123min.,Mojo Bride,879065,-123 min.,Mojo Bride
TRVBAVM128F427CA0A,-123min.,Seven Ways to Heaven,2010701,-123 min.,Seven Ways to Heaven
TRTUDYO128F42ACDBB,-123min.,I Haven't Got a Lady,731955,-123 min.,I Haven't Got a Lady
TRCLTKV128F42453C9,-123min.,So Tre Ma Po,3160956,-123 min.,So Tre Ma Po
TRPMYUE128F42453CB,-123min.,Unfair Chess,2010708,-123 min.,Unfair Chess
TRXNSGJ128F42ACDB5,-123min.,No More Day,731949,-123 min.,No More Day
TRVENRZ128F427CA0C,-123min.,Won''t Get Higher,2010702,-123 min.,Won't Get Higher
TRMNJQM128F427CA08,-123min.,Lethal Lullaby,2010699,-123 min.,Lethal Lullaby
TRTYGPS128F422FAE3,-123min.,Chocolate Jam,879063,-123 min.,Chocolate Jam
TRRQFLE128F427CA17,-123min.,While the World Spins,2010711,-123 min.,While the World Spins Around
TRHUFZR12903CBE8EF,-123min.,Power Plant,6513593,Andrew Jackson Jihad,Power Plant
TRZPUWQ128F42453D1,-123min.,Dada Blues,3160964,-123 min.,Dada Blues
TRMAILW128F42453CF,-123min.,Lethal Lullaby,2010699,-123 min.,Lethal Lullaby
TRNEMJG128F422FAE4,-123min.,Fool Of Moral Sense,879064,-123 min.,Fool of Moral Sense
TRQZEOA128F427CA15,-123min.,Seeing My Face,2010710,-123 min.,Seeing My Face
TRZKRMY12903CBE8DF,-123min.,Self-implosion,9395989,-123 min.,Self-Implosion
TRMKGHW128F422FAE8,-123min.,Runnin' On,879068,-123 min.,Runnin' On
TRCFBRX128F42ACDB6,-123min.,She Won't Care,731950,-123 min.,She Won't Care
TRRPHSO12903CBE8E3,-123min.,You Can't Hide Love,3431918,D'Angelo,You Can't Hide Love
TRPLSOD12903CAE5C6,-M-,Tanagra,8839883,-M-,Tanagra
TRJUVED12903CAE5C8,-M-,Ça Sonne Faux,13086180,-M-,Ça sonne faux
TRGOKAN12903CAE5C4,-M-,Est-Ce Que C'est Ça,8839881,-M-,Est-ce que c'est ça ?
TRPKLMZ12903CAE5C5,-M-,Les Roi Des Ombres,13086177,-M-,Le Roi des ombres
TRWKTZF12903CAE5C2,-M-,Mister Mystère,8839879,-M-,Mister mystère
TRRIINZ12903CAE5D0,-M-,Brigand,8933462,-M-,Brigand
TRXNFBS12903CAE5CF,-M-,Lettre ÀTanagra,13086170,-M-,Lettre à Tanagra
TRGZEXQ128F4250B2F,...And Oceans,Injected With Silence,2615455,...and Oceans,Injected With Silence
TRZRWJN128F4250B48,...And Oceans,Chess,2615462,...and Oceans,Chess
TRTEHXQ128F4250B40,...And Oceans,Äcid Sex And Marble Teeth (You-phoria),2441509,...and Oceans,Äcid Sex and Marble Teeth (You-Phoria)
TRZQTYC128F4250B43,...And Oceans,Spasms,2615461,...and Oceans,Spasms
TRTRPJZ128F4250B34,...And Oceans,Cacophonous Ballet,2615456,...and Oceans,Cacophonous Ballet
TROZXZU128F4250B42,...And Oceans,Molecules,8876696,...and Oceans,Molecules
TRHKRYA128F935F641,...And Oceans,The Black Vagabond & The Swans Of Two Heads,7702628,...and Oceans,The Black Vagabond & The Swans of Two Heads
TRVRZTS128F4250B39,...And Oceans,Playground,8876694,...and Oceans,Playground
TRSFYNC128F4250B46,...And Oceans,Stained,8876690,...and Oceans,Stained
TRGMJQJ128F4250B3A,...And Oceans,Sålipsism,3427605,...and Oceans,Sålipsism / Aquarium of Children (live)
TRGHTBZ128F4250B3E,...And Oceans,Mental Traffic,2615459,...and Oceans,Mental Traffic
TRUUJMO128EF34617D,...And You Will Know Us By The Trail Of Dead,Ounce Of Prevention,1086507,...And You Will Know Us by the Trail of Dead,Ounce of Prevention
TRURCWX128E0792798,...And You Will Know Us By The Trail Of Dead,After The Laughter,5175530,...And You Will Know Us by the Trail of Dead,After the Laughter
TREWCVZ12903CF0DA4,...But Alive,Korrect,3999986,...But Alive,Korrect
TRVAKGY128F423F3AF,00Genesis,Dream Catcher,10219074,00Genesis,Dream Catcher
TRRWXGV128F92F6EA6,089 Clique,Outro,4072599,Rivaside Clique,Outro
TRGPXPF128F92F6E80,089 Clique,Intro,6389107,Sick Clique,Intro
TREOJTC128F42A8A57,091,Un Día De Lluvia,7378933,091,Un día de lluvia
TRUNGXG128F1492C32,1 Giant Leap feat. Baaba Maal,Dunya Salam,2541988,1 Giant Leap,Dunya Salam (feat. Baaba Maal)
TRKFSNB128F1492C38,1 Giant Leap feat. Baaba Maal,Bushes,911102,1 Giant Leap,Bushes (feat. Baaba Maal)
TRWYZWL128F1492C39,1 Giant Leap feat. Michael Franti,Passion,911103,1 Giant Leap,Passion (feat. Michael Franti)
TRIHIUT128F426AA23,1 Mile North,Life Indoors,1547107,1 Mile North,Life Indoors
TRQAMQM128F426AA29,1 Mile North,The Manual,1547112,1 Mile North,The Manual
TRMEOMP128F426AA26,1 Mile North,Black Lines,1547110,1 Mile North,Black Lines
TRWFBCX128F426AA24,1 Mile North,Return To From Where We Came,1547108,1 Mile North,Return to from Where We Came
TROHXRM128F426AA28,1 Mile North,August 8:15,1547111,1 Mile North,August 8:15
TRNFUQD128F426AA25,1 Mile North,The Sick,1547109,1 Mile North,The Sick
TRCXFYM128F426AA21,1 Mile North,In 1983 He Loved To Fly,1547106,1 Mile North,In 1983 He Loved to Fly
TREVSIG128F93529D2,1-Speed Bike,Fair Warning,2884028,1-Speed Bike,Fair Warning
TROODWD128F14AFD5A,1. Futurologischer Congress,Heimatlied,9324498,1. Futurologischer Congress,Realität Nr. 1
TRMOKKV128F14AFD5E,1. Futurologischer Congress,Nur mit Dir,9324489,1. Futurologischer Congress,Nur mit Dir
TRBQYFT128F14AFD5D,1. Futurologischer Congress,Rote Autos,9324488,1. Futurologischer Congress,Rote Autos
TRSIGNA128F149B5C1,1. Futurologischer Congress,Hot Love,7284027,1. Futurologischer Congress,Hot Love
TRBCMFZ128F14AFD69,1. Futurologischer Congress,Machinenfunk,9324498,1. Futurologischer Congress,Realität Nr. 1
TRNVJXQ128F14AFD63,1. Futurologischer Congress,Atem,9324493,1. Futurologischer Congress,Atem
TRHQXLX128F14AFD7E,1. Futurologischer Congress,Dezember (... Sex),9324498,1. Futurologischer Congress,Realität Nr. 1
TREFMRE128F14AFD88,1. Futurologischer Congress,Adieu,9324498,1. Futurologischer Congress,Realität Nr. 1
TRJOIBX128F14AFD83,1. Futurologischer Congress,Bungalow,9324498,1. Futurologischer Congress,Realität Nr. 1
TRYOGOV128F14AFD77,1. Futurologischer Congress,Delphin,9324498,1. Futurologischer Congress,Realität Nr. 1
TRVDHJY128F14AFD6A,1. Futurologischer Congress,Realität Nr. 1,9324498,1. Futurologischer Congress,Realität Nr. 1
TRZLLKJ128F14AFD57,1. Futurologischer Congress,Rena (Hass-Version '81),9324495,1. Futurologischer Congress,Rena (Hass)
TRNDMBC128F14AFD67,1. Futurologischer Congress,Kalte Seele,9324496,1. Futurologischer Congress,Kalte Seele
TRTPHCC128F14AFD65,1. Futurologischer Congress,Neuer Morgen,9324494,1. Futurologischer Congress,Neuer Morgen
TRMYVSL128F14AFD75,1. Futurologischer Congress,Oasen,9324498,1. Futurologischer Congress,Realität Nr. 1
TRKAEEF128F14AFD81,1. Futurologischer Congress,Klondike (mit Hans Werner Olm),9324498,1. Futurologischer Congress,Realität Nr. 1
TROPQOX128F14AFD66,1. Futurologischer Congress,Rena (Hass),9324495,1. Futurologischer Congress,Rena (Hass)
TRSRBFD128F14AFD6E,1. Futurologischer Congress,Körperwärme,9324498,1. Futurologischer Congress,Realität Nr. 1
TRMKKIB128F14AFD54,1. Futurologischer Congress,Schatten,9324498,1. Futurologischer Congress,Realität Nr. 1
TRRPBVU128F14AFD6D,1. Futurologischer Congress,Lava,9324498,1. Futurologischer Congress,Realität Nr. 1
TRAPLGS128F14AFD78,1. Futurologischer Congress,Tokyo,9324498,1. Futurologischer Congress,Realität Nr. 1
TRTLMOV128F14AFD62,1. Futurologischer Congress,Schützt die Verliebten,9324492,1. Futurologischer Congress,Schützt die Verliebten
TRSTNGD128F14AFD73,1. Futurologischer Congress,Königin (Feuer & Wind),9324498,1. Futurologischer Congress,Realität Nr. 1
TRFRFXV128F14AFD60,1. Futurologischer Congress,Platin & Gold,9324490,1. Futurologischer Congress,Platin und Gold
TRSUKEK128F92E88FD,1.000 Mexicans,The Last Pop Song,7557215,1000 Mexicans,The Last Pop Song
TRPISTB128F92E88F4,1.000 Mexicans,The Art Of Love,9278009,"10,000 Maniacs",The Art of Love
TRDGDXS128F92E88F9,1.000 Mexicans,Under Construction,10055338,1000 Mexicans,Under Construction
TRPEZAF128F92E88F8,1.000 Mexicans,Manipulating The Dummy,7557216,1000 Mexicans,Manipulating the Dummy
TRORXHO128F92E88F5,1.000 Mexicans,Diving For Pearls,7302291,1000 Mexicans,Diving for Pearls
TRKORXK128F92E88FA,1.000 Mexicans,News Of You,7551764,1000 Mexicans,News of You
TRUOEXE128F92ED0C9,10 CC vs. Dee Smoove,Dreadlock Holiday (Radio Dance Mix),5427233,10 cc vs. Dee Smoove,Dreadlock Holiday (radio mix)
TRQTRYQ128F1459EC1,10 Second Drop,The Tear (Album),5909372,10 Second Drop,The Tear
TRPKLBJ128F1459EBD,10 Second Drop,Push (Album),5909368,10 Second Drop,Push
TRJNTNB128F1459EC0,10 Second Drop,If I Believed (Album),5909371,10 Second Drop,If I Believed
TREZYMV128F1459EBF,10 Second Drop,Blame...It's All On Me (Album),5909370,10 Second Drop,Blame (It's All On Me)
TRNWSHC128F1459EBE,10 Second Drop,Learn (Album),5909369,10 Second Drop,Learn
TRRZEKG128F1459EBB,10 Second Drop,Fall Apart (Album),5909366,10 Second Drop,Fall Apart
TRQBQJQ128F1459EBA,10 Second Drop,Overdrive (Album),5909365,10 Second Drop,Overdrive
TRHUPXO128F1459EBC,10 Second Drop,Livin' For Me (Album),5909367,10 Second Drop,Livin' For Me
TRLMLDC128F4255F49,10 Years,11:00am (Daydreamer),7190750,10 Years,11:00am (Daydreamer)
TRIUFZA128F9313104,100 Flowers,Sensible Virgins,5453236,100 Flowers,Sensible Virgin
TRHPEVR128F93130F4,100 Flowers,Salmonella,7197465,100 Flowers,Salmonella
TRFJWPE128F423288F,100 Folk Celsius,Lasagna,3638044,100 Folk Celsius,A pocok és az elefánt
TRYRZGK128F423289B,100 Folk Celsius,Furcsa pár,3638048,100 Folk Celsius,A róka és a fóka
TRJFPUQ128F4232894,100 Folk Celsius,Macskásított induló,3638046,100 Folk Celsius,"Paff, a bűvös sárkány"
TRFNINN128F4232896,100 Folk Celsius,Cincogi,3638044,100 Folk Celsius,A pocok és az elefánt
TRYLSEE128F4251A4C,100 Pets,Mountain Cheer,5756753,100 Pets,Mountain Cheer
TRYJSAN128F4251A54,100 Pets,Far From Home,6698023,The 100 Lists,Far From Home
TROYTIC128F931C049,100 Proof Aged in Soul,Shes Not Just Another Woman,9068917,100 Proof (Aged in Soul),She's Not Just Another Woman
TRDTNOQ128F930831F,100 Proof Aged in Soul,Ain't That Lovin' You,4315239,100 Proof (Aged in Soul),Ain't That Loving You (For More Reasons Than One)
TRVOLMJ128F9308346,100 Proof Aged in Soul,Since You've Been Gone,4315260,100 Proof (Aged in Soul),Since You've Been Gone
TRANQKT128F931C046,100 Proof Aged in Soul,Age Aint Nothing But A Number,9068916,100 Proof (Aged in Soul),Age Ain't Nothing but a Number
TRCHNWG128F931C06F,100 Proof Aged in Soul,Dont You Wake Me,8180258,100 Proof (Aged in Soul),Don't You Wake Me
TRCRLCX128F9308340,100 Proof Aged in Soul,Don't Scratch (Where It Don't Itch),4315265,100 Proof (Aged in Soul),Don't Scratch Where It Don't Itch
TRRMQPB128F931C057,100 Proof Aged in Soul,Backtrack,9068920,100 Proof (Aged in Soul),Backtrack
TRZSLDI128F9308354,100 Proof Aged in Soul,I Can't Sit And Wait,9068919,100 Proof (Aged in Soul),I Can't Sit and Wait (Til Johnny Comes Marching Home)
TRAYBGU128F931C068,100 Proof Aged in Soul,Since You Been Gone,4315250,100 Proof (Aged in Soul),Since You Been Gone
TROMAGV128F931C06E,100 Proof Aged in Soul,Dont Scratch Where It Dont Itch,4315265,100 Proof (Aged in Soul),Don't Scratch Where It Don't Itch
TRCSUSU128F931C06A,100 Proof Aged in Soul,Ghetto Girl,4315262,100 Proof (Aged in Soul),Ghetto Girl
TRIFPYP128F931C05F,100 Proof Aged in Soul,Driveway,4315246,100 Proof (Aged in Soul),Driveway
TRIEATQ128F9308313,100 Proof Aged in Soul,Somebody's Been Sleeping In My Bed,4141130,100 Proof (Aged in Soul),Somebody's Been Sleeping in My Bed
TRYGBKP128F931C040,100 Proof Aged in Soul,One Mans Leftovers (Is Another Mans Feast),9068912,100 Proof (Aged in Soul),One Man's Leftovers (Is Another Man's Feast)
TRLZKNR128F931C071,100 Proof Aged in Soul,Never My Love,4315266,100 Proof (Aged in Soul),Never My Love
TRSVHYK128F931C06B,100 Proof Aged in Soul,Words,4315263,100 Proof (Aged in Soul),Words
TRMYKBR128F931C03E,100 Proof Aged in Soul,Love Is Sweeter (The Second Time Around),9068911,100 Proof (Aged in Soul),Love Is Sweeter (The Second Time Around)
TRCAYFY128F930831C,100 Proof Aged in Soul,I've Come To Save You,9068913,100 Proof (Aged in Soul),I've Come to Save You
TRBQFPT128F931C0A9,100 Proof Aged in Soul,90 Day Freeze (On Her Love),8538902,100 Proof (Aged in Soul),90 Day Freeze (On Her Love)
TRPPISE128F931C073,100 Proof Aged in Soul,Id Rather Fight Than Switch,4315249,100 Proof (Aged in Soul),I'd Rather Fight Than Switch
TRJVIST128F931C045,100 Proof Aged in Soul,Not Enough Love To Satisfy,9068915,100 Proof (Aged in Soul),Not Enough Love to Satisfy
TRZVSRZ128F930834A,100 Proof Aged in Soul,Never My Love,4315266,100 Proof (Aged in Soul),Never My Love
TRUTEFL128F931C042,100 Proof Aged in Soul,Ive Come To Save You,9068913,100 Proof (Aged in Soul),I've Come to Save You
TRKCCZN128F931C06C,100 Proof Aged in Soul,I Dont Care If I Never Get Over You,4315264,100 Proof (Aged in Soul),I Don't Care If I Never Get Over You
TRDMKLL128F931C0A5,100 Proof Aged in Soul,Too Many Cooks (Spoil The Soup),9068918,100 Proof (Aged in Soul),Too Many Cooks (Spoil the Soup)
TRYGJHP128F930838A,100 Proof Aged in Soul,Don't Scratch Where It Don't Itch,4315265,100 Proof (Aged in Soul),Don't Scratch Where It Don't Itch
TRXFTGN128F931C069,100 Proof Aged in Soul,Nothing Sweeter Than Love,4055938,100 Proof (Aged in Soul),Nothing Is Sweeter Than Love
TRYALWW128F931C044,100 Proof Aged in Soul,Aint That Loving You (For More Reasons Than One),4315239,100 Proof (Aged in Soul),Ain't That Loving You (For More Reasons Than One)
TRRMLST128F931C052,100 Proof Aged in Soul,I Just Cant Sit And Wait (Till Johnny Comes Marching Home),9068919,100 Proof (Aged in Soul),I Can't Sit and Wait (Til Johnny Comes Marching Home)
TRKJRER128F931C066,100 Proof Aged in Soul,Everything Good Is Bad,4315259,100 Proof (Aged in Soul),Everything Good Is Bad
TRXHQIY128F4284E62,100% Pure Poison,Windy C (Edit) (1995 Digital Remaster),7797693,100% Pure Poison,Windy C
TRWWYBE128F4223078,1000 Clowns,Would You Be Mine (K.L.D.) (LP Version),1534919,1000 Clowns,Would You Be Mine? (KLD)
TRFQUQQ128F4223079,1000 Clowns,Everybody Smells So Different (LP Version),1534920,1000 Clowns,Everybody Smells So Different
TRBAJBK128F422307A,1000 Clowns,Pug (LP Version),1534921,1000 Clowns,Pug
TRCTZVJ128F422307C,1000 Clowns,Freelance Bubblehead (LP Version),1534922,1000 Clowns,Freelance Bubblehead
TRAHAQK128F4223075,1000 Clowns,Rainy Days (LP Version),1534917,1000 Clowns,Rainy Days
TRSLLWO128F422307D,1000 Clowns,Thinkin' (LP Version),1534923,1000 Clowns,Thinkin'
TRZDFTR128F4223074,1000 Clowns,I Love N. Y. (LP Version),1534916,1000 Clowns,I Love N.Y.
TRJJJYX128F4223076,1000 Clowns,Favorite Things (LP Version),1534918,1000 Clowns,Favorite Thing
TRYQTTB128F422306F,1000 Clowns,Intro (LP Version),1534913,1000 Clowns,Intro
TRAFJCI128F147BD66,1000 Homo DJs,Better Ways (12? Version),3932238,1000 Homo DJs,Better Ways
TREVSTU128F147BD65,1000 Homo DJs,Apathy  (12? Version),3932237,1000 Homo DJs,Apathy
TRFSPLT128F930361C,1000 Names,Never Remix,11269347,1000 Names,It Started as A (remix)
TRBDBPE128F42342A6,1000 Names,Melonball Bounce,7821337,1000 Names,Melonball Bounce
TRTYAJI128F4261238,1000 Robota,Es geht nun mal um etwas,7077106,1000 Robota,Es geht nun mal um etwas
TRAWFFU128F4261239,1000 Robota,Hamburg brennt,7077107,1000 Robota,Hamburg brennt
TRJFRRY128F426123B,1000 Robota,Sachen erleben,7077109,1000 Robota,Sachen erleben
TRFQTEY128F426123A,1000 Robota,Lauf lauf lauf,7077108,1000 Robota,Lauf lauf lauf
TRGUGNF128F426123C,1000 Robota,Wir bauen eine neue Stadt,7077110,1000 Robota,Wir bauen eine neue Stadt
TRRKSZJ128F92DE194,1000names,Roccin On Ur Radio,11269355,1000 Names,Roccin on Ur Radio
TRPZOZG128F92DE1A0,1000names,He's just Who!,11269358,1000 Names,He's Just Who!
TRJDGLG128F92DE1B5,1000names,80's Debut,11269365,1000 Names,80's Debut
TRMHVJF128F92DE180,1000names,Meee-Loooo-Deee,11269350,1000 Names,Meee-Loooo-Deee
TRJLWKU12903CE762B,1000names,Telephony 2000,11269411,1000 Names,Telephony 2000
TRZDQAV128F92DE19A,1000names,Plush Save,11269357,1000 Names,Plush Save
TRURRKQ128F92DE176,1000names,Whiz Bang Scienze,11269346,1000 Names,Whiz Bang Scienze
TRTWRYC12903CE7630,1000names,Secondary Fauna,11269414,1000 Names,Secondary Fauna
TRHIWTS128F92DE1BD,1000names,Toys Room Combat,11269367,1000 Names,Toys Room Combat
TRQXHXZ128F92DE1AF,1000names,Ant On My Button,11269363,1000 Names,Ant on My Button
TRDVVDQ128F92DE1AE,1000names,We Can Only Speculate,11269362,1000 Names,We Can Only Speculate
TRHCXYP12903CE762A,1000names,Pocket Calculators,11269410,1000 Names,Pocket Calculators
TRYSVCP12903CE762D,1000names,Haunted Landscape,11269412,1000 Names,Haunted Landscape
TRIEVAQ12903CE762F,1000names,Logarithmic Spirals,11269413,1000 Names,Logarithmic Spirals
TRHVEWZ128F92DE1A7,1000names,Three That Shift,11269360,1000 Names,Three That Shift
TRMDGXH12903CE7629,1000names,Private Hero,9820942,Hermann Langschwert,Private Hero
TRKPZCK12903CE7627,1000names,Long Early Morning,11269407,1000 Names,Long Early Morning
TRPFSSY128F92F0350,1001 Ways,Far Away,4255059,Ten Ways From Sunday,Far Away
TRWGFJJ128F425B580,101,"When I've Got You - (7"" Radio Mix)",4276464,101,When I've Got You
TRSYNLJ128F425B591,101,The Goodbye Song,4276474,101,The Goodbye Song
TRMSTID128F92E7C0C,101,Got That,6662148,San Quinn,Got That (feat. 101)
TRZSWTH12903CEA4C5,101 Strings,Blues In The Shadows,11180690,101 Strings Orchestra,Blues in the Shadows
TRUFACX12903CEA4D2,101 Strings,Old Folks At Home,5129255,101 Strings Orchestra,Medley: Old Dan Tucker / Jeannie With the Light Brown Hair / Old Folks at Home / Camptown Races / In the Evening by the Moonlight
TRYXMWY12903CB5A1C,101 Strings,Espana Cani,4494392,101 Strings Orchestra,España Cani
TRWNAMX12903CAA88F,101 Strings,Czardas (Monti),8939940,101 Strings Orchestra,Czardas
TRZEAZW12903D1521D,101 Strings,Macarenas,3084906,101 Strings Orchestra,Macarenas
TRFMFLU12903CDBC4A,101 Strings,Nancy's Song,9561836,101 Strings Orchestra,Nancy's Song
TRFRNZD12903CF45C1,101 Strings,España,11277899,101 Strings Orchestra,Leaving on a Jet Plane
TRVWBHJ12903CB1DC0,101 Strings,Blue Danube,11146381,101 Strings Orchestra,Blue Danube
TRQUXPL12903CB5A0D,101 Strings,La Violetera,3084907,101 Strings Orchestra,La Violetera
TRBAACN12903D1523B,101 Strings,Cantina Toreros,11134453,101 Strings Orchestra,Cantina Tarosa
TRUOMFT12903CE97FC,101 Strings,How Beautiful Is Our Poland,1407136,101 Strings Orchestra,How Beautiful Is Our Poland
TRKZBTX12903D15248,101 Strings,Le Cid,4494395,101 Strings Orchestra,Le Cid
TRSTWXA12903D15238,101 Strings,The Breeze and I,11108682,101 Strings Orchestra,The Breeze and I
TRCLWQH12903CDBC40,101 Strings,Good Morning Starshine,12502825,Fantastic Strings,Good Morning Starshine
TRAKVRA12903CAA871,101 Strings,Dark Eyes,8939934,101 Strings Orchestra,Dark Eyes
TRXWBHW12903D15224,101 Strings,Espana Cani,3084908,101 Strings Orchestra,España Cani
TROBTVS12903CDCA0F,101 Strings,Can-Can,1548256,101 Strings Orchestra,I Can't Stop Loving You
TRXCXGK12903CDCA1C,101 Strings,Kirchweih Polka,7240505,101 Strings Orchestra,Amaberger Polka
TRBTKKY12903CDCA18,101 Strings,Scwabing Polka,7240505,101 Strings Orchestra,Amaberger Polka
TRPIEZD12903CDCA1E,101 Strings,Auf Wiedersehn,2153174,101 Strings Orchestra,Auf Wiederseh'n Sweetheart
TRRCSPN12903CAA888,101 Strings,Golden Earrings,8939939,101 Strings Orchestra,Golden Earrings
TRYSNOG12903CE980E,101 Strings,Chopin's Reverie,1407143,101 Strings Orchestra,Chopin's Reverie
TROYHRS12903D1522C,101 Strings,Malaguena,11166267,101 Strings Orchestra,"Malaguena (show piece) (Paso Doble, 59mpm)"
TRNCHIR12903D0268F,101 Strings Orchestra,Love Theme From Romeo & Juliet,13057926,101 Strings Orchestra,Love Theme From Romeo & Juliet
TRMIWZV12903CEC404,101 Strings Orchestra,Can-Can,1548256,101 Strings Orchestra,I Can't Stop Loving You
TROZNJI128F930536D,101 Strings Orchestra,Solamente Una Vez,12858216,The Clebanoff Strings & Orchestra,Solamente Una Vez
TRLOYHQ12903CFE165,101 Strings Orchestra,Greensleeves,8963671,101 Strings Orchestra,Greensleeves
TRZQPLL12903CD4BB8,101 Strings Orchestra,Moonbeams (Old New York),1712127,101 Strings Orchestra,In Old New York
TRPMQFP12903CCD25C,101 Strings Orchestra,Jealousy,8843016,101 Strings Orchestra,Jealousy
TRTUJFJ12903CE0932,101 Strings Orchestra,Caravan,6520273,101 Strings Orchestra,America The Beautiful
TRNDMKS12903CD4BF2,101 Strings Orchestra,Always,7790527,101 Strings Orchestra,Always
TRUFBLF12903CE008C,101 Strings Orchestra,Climb Ev'ry Mountain,8965679,101 Strings Orchestra,Climb Every Mountain
TRBJVOA12903CCD25F,101 Strings Orchestra,La Cumparsita,11116601,101 Strings Orchestra,La Cumparsita
TRKOGXG12903CEC333,101 Strings Orchestra,Kashmiri Song,11097282,101 Strings Orchestra,Kashmiri Song
TRRYMSM12903CFE153,101 Strings Orchestra,Frosty The Snowman,13109711,101 Strings Orchestra,Frosty the Snowman
TRCCRZV12903CE00AF,101 Strings Orchestra,Getting To Know You,1086364,101 Strings Orchestra,Getting to Know You
TRIRYCO12903CD5E21,101 Strings Orchestra,The Carousel Waltz,9894273,101 Strings Orchestra,Waltz of the Flowers (The Nutcracker)
TRSSUXG12903CE01A0,101 Strings Orchestra,Stranger On the Shore,9212617,101 Strings Orchestra,Stranger on the Shore
TRFNNSP128F92EF06A,101 Strings Orchestra,Oboro Zukiyo,1553561,101 Strings Orchestra,Orobo Zukiyo
TRGZKNM12903CE004C,101 Strings Orchestra,You Light Up My Life,8403968,The Romantic Strings and Orchestra,You Light Up My Life
TRBEVHJ128F9325673,101 Strings Orchestra,Theme From How The West Was Won,8823546,101 Strings Orchestra,How the West Was Won
TRXDNWS128F92EF06F,101 Strings Orchestra,Hana,1553566,101 Strings Orchestra,Hana
TRAOLWK128F9305370,101 Strings Orchestra,Cielito Lindo,4494400,101 Strings Orchestra,Cielito Lindo
TRMUWGW12903CE08D9,101 Strings Orchestra,As Time Goes By,827312,101 Strings Orchestra,As Time Goes By
TRVRWIZ128F9305373,101 Strings Orchestra,La Negra,1489798,101 Strings Orchestra,La La La
TRJQMFN128F92EF070,101 Strings Orchestra,Sakura_ Sakura,1553567,101 Strings Orchestra,"Sakura, Sakura"
TRWTPYX128F932BC6D,101 Strings Orchestra,Toledo Tango,8843009,101 Strings Orchestra,Tango Very Much (Tango por favour)
TRZCLUR128F930535B,101 Strings Orchestra,The Way You Look Tonight,2094778,101 Strings Orchestra,The Way You Look Tonight
TRMKVKF12903CE0010,101 Strings Orchestra,Secret Love,11277771,101 Strings Orchestra,Secret Love
TRHJVRX128F9305366,101 Strings Orchestra,La Cucaracha,4852708,101 Strings Orchestra,La Cucaracha
TRXBTFF128F92EF066,101 Strings Orchestra,Mura Matsuri,1553560,101 Strings Orchestra,Mura Matsuri
TRAJTTP12903CE094E,101 Strings Orchestra,It's Only a Paper Moon,7876182,Benny Goodman & His Orchestra,It's Only a Paper Moon
TRCQHXZ12903CEC326,101 Strings Orchestra,Jacaranda,7574178,101 Strings Orchestra,Jacaranda
TRVNKML12903CE0186,101 Strings Orchestra,Blue Moon,9591611,101 Strings Orchestra,Moon of Manakoora
TRNWZST128F930536C,101 Strings Orchestra,Rascapetate/adelita,6520273,101 Strings Orchestra,America The Beautiful
TRYALYG128F9305376,101 Strings Orchestra,La Violetera,4494391,101 Strings Orchestra,La Violetera
TRKOPCY12903CE07B2,101 Strings Orchestra,Malaguena,11166267,101 Strings Orchestra,"Malaguena (show piece) (Paso Doble, 59mpm)"
TRNADLP12903CE009C,101 Strings Orchestra,I Don't Know How To Love Him,11277902,101 Strings Orchestra,I Don't Know How to Love Him
TRFTCAA12903CEC306,101 Strings Orchestra,Hevenu Shalom Alechem,2394169,101 Strings Orchestra,"Medley - Tzena, Tzena, Tzena Hevenu Shalom Alechem"
TRXSKBK12903CCD265,101 Strings Orchestra,Serenantella,6520273,101 Strings Orchestra,America The Beautiful
TRRSTZT12903CBBBBF,101 Strings Orchestra,Serenade,2533146,101 Strings Orchestra,Moonlight Serenade
TRVWBEZ128F932BC69,101 Strings Orchestra,Lover's Tango,8843020,101 Strings Orchestra,Lover's Tango
TRPJDMQ12903CD4BB4,101 Strings Orchestra,With A Song In My Heart,7790572,101 Strings Orchestra,With A Song In My Heart
TRBDQBO12903CFE15A,101 Strings Orchestra,The first Noël,9894263,101 Strings Orchestra,The First Noël (Full Symphonic version)
TRMJLEU128F9305374,101 Strings Orchestra,España,11277899,101 Strings Orchestra,Leaving on a Jet Plane
TRKSZVT128F9305360,101 Strings Orchestra,How Deep Is The Ocean,1712128,101 Strings Orchestra,How Deep Is the Ocean
TRBWAJD12903D0C0AC,101 Strings Orchestra,Hey Jude,11277883,101 Strings Orchestra,Hey Jude
TRIXREY128F930536A,101 Strings Orchestra,Sevillana,6520273,101 Strings Orchestra,America The Beautiful
TRGQOUR128F930B080,1090 Club,Little Known Fact,6297227,1090 Club,Little Known Fact
TRCQKEU128F930B09E,1090 Club,Cheers To Us,6297229,1090 Club,Cheers to Us
TRAKDPN128F930B078,1090 Club,Hooray,6297226,1090 Club,Hooray
TRZWZWM128F930B072,1090 Club,Sunk,6297224,1090 Club,Sunk
TRBENXB128F930B06A,1090 Club,Second Hander,6297221,1090 Club,Second Hander
TRAXGJT128F930B070,1090 Club,Gypsea,6297223,1090 Club,Gypsea
TRVJNRK128F930B060,1090 Club,Hello,6297220,1090 Club,Hello
TRMWBOP128F930B075,1090 Club,Some Equals One,6297225,1090 Club,Some Equals One
TRQSKYR128F930B08A,1090 Club,Business End,6297228,1090 Club,Business End
TRFLUOW128F427D671,10_000 Maniacs,Just As The Tide Was A Flowing (LP Version),753955,"10,000 Maniacs",Just as the Tide Was a Flowing
TRMXRPX128F42344D4,10_000 Maniacs,What's The Matter Here (LP Version),8032568,"10,000 Maniacs",What's The Matter Here? (LP Version)
TRFWOCI128F4263EBB,10cc,Lifeline,3838320,10cc,Lifeline
TRLIYKM128E079134B,10cc,Une Nuit A Paris (Part 1) / The Same Night In Paris (Part 2) / Later The Same Night In Paris (Part 3),1126548,10cc,"Une Nuit a Paris: Part 1, One Night in Paris / Part 2, The Same Night in Paris / Part 3, Later the Same Night in Paris"
TRIMTMC128F935A181,10cc,Hot Sun Rock,1927974,10cc,Hot Sun Rock
TRPGGDQ12903CF5A92,11/5,The Way I Was Raised,2211776,11/5,The Way I Was Raised
TRQQNXE12903CF5A97,11/5,Hell Raiser,2211779,11/5,Hell Raiser
TRQVWTS12903CF5A84,11/5,11/5 On The Inside,2211769,11/5,11 5 On the Inside
TRVDTKH12903CF5A88,11/5,Straight Murderism,2211771,11/5,Straight Murderism
TRHQYMS12903CF64B1,11/5,All About Our Endz,2964316,Eleven Five,All About Our Endz
TRYKKYF12903CF5A90,11/5,Fiendin' 4 Tha Funk,2211775,11/5,Fiendin 4 Tha Funk
TRAYLVN12903CF5A8C,11/5,Flat On Yo Ass,2211773,11/5,Flat On Yo Ass
TRITIGB128F92EED75,11/5,11/5 On the Inside,2211769,11/5,11 5 On the Inside
TRTDGPV128F4240E24,112,Dance With Me Remix (Featuring Beanie Sigel) (Album Version),13602376,112,Dance With Me (remix)
TRXHINA128E0799449,112,Only You-Bad Boy Remix (Featuring The Notorious B.I.G. & Mase) (Album Version),796887,112,Only You (Bad Boy remix) (feat. The Notorious B.I.G. & Mase)
TRQCLQH128F1463534,112,I Belong To U,2493884,112,I Belong To U (interlude)
TRWRSMK128F146352F,112,Intro/Medley (Hot & Wet),2493879,112,Intro/Medley
TRWOOOO128F146353A,112 / Ludacris / Chingy,Hot & Wet,2493890,112,Hot & Wet (remix) (feat. Ludacris & Chingy)
TRBRQKT128F92C3088,113,Avec Juste Un Mic,4644647,113,Avec juste un mic
